{"learning_rate": 0.042245782398298806, "depth": 5, "l2_leaf_reg": 2.020753233867438, "bagging_temperature": 0.016208698976586902, "border_count": 102, "random_strength": 5.422447598618284, "rsm": 0.8234386067355639}