{"learning_rate": 0.09568616606408391, "depth": 6, "l2_leaf_reg": 5.058050236211532, "bagging_temperature": 0.384419865053069, "border_count": 115, "random_strength": 4.474511785940289, "rsm": 0.7418307758806199}