{"learning_rate": 0.036721231750955784, "depth": 7, "l2_leaf_reg": 1.0960312659155012, "bagging_temperature": 0.019071788057285963, "border_count": 255, "random_strength": 6.950301726991874, "rsm": 0.9658487015677171}